solver,instance,verdict,cpu_time,wall_time,maxrss_kb,exit_code
sat-solver,00d5a43a481477fa4d56a2ce152a6cfb-st_890_86_9_572.normalised.cnf,TIMEOUT,60.059,60.167,97340,0
minisat,00d5a43a481477fa4d56a2ce152a6cfb-st_890_86_9_572.normalised.cnf,TIMEOUT,59.996,60.129,112916,0
cadical,00d5a43a481477fa4d56a2ce152a6cfb-st_890_86_9_572.normalised.cnf,TIMEOUT,59.998,60.277,52984,-1
kissat,00d5a43a481477fa4d56a2ce152a6cfb-st_890_86_9_572.normalised.cnf,TIMEOUT,59.996,60.198,56996,-1
sat-solver,00fd8ac9acd186a7a78a2c4d92f90de1-2.normalised.cnf,UNKNOWN,0.439,0.440,1214908,1
minisat,00fd8ac9acd186a7a78a2c4d92f90de1-2.normalised.cnf,UNKNOWN,5.964,5.976,3782192,0
cadical,00fd8ac9acd186a7a78a2c4d92f90de1-2.normalised.cnf,ERROR,1.725,1.812,4063128,-1
kissat,00fd8ac9acd186a7a78a2c4d92f90de1-2.normalised.cnf,ERROR,4.007,4.106,3403700,-1
sat-solver,0205e2dffaef93a90c239df31755f2e1-bp4_CSO_AM_IXA_LP.normalised.cnf,TIMEOUT,61.853,61.953,252104,0
minisat,0205e2dffaef93a90c239df31755f2e1-bp4_CSO_AM_IXA_LP.normalised.cnf,TIMEOUT,60.005,60.146,377980,0
cadical,0205e2dffaef93a90c239df31755f2e1-bp4_CSO_AM_IXA_LP.normalised.cnf,UNSAT,37.874,37.954,207592,20
kissat,0205e2dffaef93a90c239df31755f2e1-bp4_CSO_AM_IXA_LP.normalised.cnf,TIMEOUT,59.997,60.183,99384,-1
sat-solver,032941f5f28c9ac53fa1c80d35f3206f-GP_216_290_40.cnf,TIMEOUT,65.046,65.128,1655252,-1
minisat,032941f5f28c9ac53fa1c80d35f3206f-GP_216_290_40.cnf,TIMEOUT,60.070,60.201,3002632,0
cadical,032941f5f28c9ac53fa1c80d35f3206f-GP_216_290_40.cnf,SAT,5.086,5.095,3535348,10
kissat,032941f5f28c9ac53fa1c80d35f3206f-GP_216_290_40.cnf,SAT,2.875,2.881,1992236,10
sat-solver,03e852aa864cfe6eb49c264b462b8157-gm24sparrc.cnf,UNSAT,12.627,12.646,84932,20
minisat,03e852aa864cfe6eb49c264b462b8157-gm24sparrc.cnf,UNSAT,0.128,0.128,33840,20
cadical,03e852aa864cfe6eb49c264b462b8157-gm24sparrc.cnf,UNSAT,2.392,2.398,95312,20
kissat,03e852aa864cfe6eb49c264b462b8157-gm24sparrc.cnf,UNSAT,2.459,2.465,58040,20
sat-solver,04648cef5bed430ab6429991fa9e107d-ramsey_3_6_19.normalised.cnf,TIMEOUT,60.003,60.081,62168,0
minisat,04648cef5bed430ab6429991fa9e107d-ramsey_3_6_19.normalised.cnf,TIMEOUT,59.994,60.105,52040,0
cadical,04648cef5bed430ab6429991fa9e107d-ramsey_3_6_19.normalised.cnf,TIMEOUT,59.997,60.207,101504,-1
kissat,04648cef5bed430ab6429991fa9e107d-ramsey_3_6_19.normalised.cnf,TIMEOUT,59.998,60.209,55200,-1
sat-solver,04f43bb4a4f2c193a18e7195a4fd8e41-goldcrest-and-11.cnf,TIMEOUT,65.005,65.087,617540,-1
minisat,04f43bb4a4f2c193a18e7195a4fd8e41-goldcrest-and-11.cnf,TIMEOUT,60.004,60.141,298912,0
cadical,04f43bb4a4f2c193a18e7195a4fd8e41-goldcrest-and-11.cnf,TIMEOUT,60.010,60.236,495296,-1
kissat,04f43bb4a4f2c193a18e7195a4fd8e41-goldcrest-and-11.cnf,TIMEOUT,60.001,60.215,243444,-1
sat-solver,053e06424279f5cfec8bb14dfa9af23c-oisc-subrv-and-nested-15.cnf,TIMEOUT,65.058,65.134,1904232,-1
minisat,053e06424279f5cfec8bb14dfa9af23c-oisc-subrv-and-nested-15.cnf,UNKNOWN,6.068,6.082,3806256,0
cadical,053e06424279f5cfec8bb14dfa9af23c-oisc-subrv-and-nested-15.cnf,ERROR,3.005,3.094,4002492,-1
kissat,053e06424279f5cfec8bb14dfa9af23c-oisc-subrv-and-nested-15.cnf,ERROR,2.726,2.808,2823460,-1
sat-solver,062f58e44eb73f9274b57af5092cad90-rook-51-0-0.cnf,TIMEOUT,61.839,61.920,177992,0
minisat,062f58e44eb73f9274b57af5092cad90-rook-51-0-0.cnf,TIMEOUT,60.010,60.151,426084,0
cadical,062f58e44eb73f9274b57af5092cad90-rook-51-0-0.cnf,TIMEOUT,60.000,60.244,197404,-1
kissat,062f58e44eb73f9274b57af5092cad90-rook-51-0-0.cnf,TIMEOUT,59.999,60.217,143564,-1
sat-solver,06d2ca2ee0b47f00d93090495f7fd4f4-clqcl_100_6_5.normalised.cnf,TIMEOUT,60.087,60.162,69696,0
minisat,06d2ca2ee0b47f00d93090495f7fd4f4-clqcl_100_6_5.normalised.cnf,TIMEOUT,59.999,60.109,105492,0
cadical,06d2ca2ee0b47f00d93090495f7fd4f4-clqcl_100_6_5.normalised.cnf,TIMEOUT,60.002,60.223,238844,-1
kissat,06d2ca2ee0b47f00d93090495f7fd4f4-clqcl_100_6_5.normalised.cnf,TIMEOUT,59.997,60.188,102732,-1
sat-solver,07cea7a64248a60d509368d09d3057c2-pj2013_k9.cnf,TIMEOUT,65.011,65.092,862356,-1
minisat,07cea7a64248a60d509368d09d3057c2-pj2013_k9.cnf,TIMEOUT,60.005,60.143,337200,0
cadical,07cea7a64248a60d509368d09d3057c2-pj2013_k9.cnf,UNSAT,7.476,7.493,754756,20
kissat,07cea7a64248a60d509368d09d3057c2-pj2013_k9.cnf,UNSAT,12.477,12.508,357608,20
sat-solver,081f111af59344b61346367a930e24f6-Break_triple_04_06.xml.cnf,SAT,0.031,0.031,14032,10
minisat,081f111af59344b61346367a930e24f6-Break_triple_04_06.xml.cnf,SAT,0.002,0.002,14032,10
cadical,081f111af59344b61346367a930e24f6-Break_triple_04_06.xml.cnf,SAT,0.008,0.009,14032,10
kissat,081f111af59344b61346367a930e24f6-Break_triple_04_06.xml.cnf,SAT,0.018,0.018,14032,10
sat-solver,0876c518e5653369e20fb1ee0bb8db40-mp1-klieber2017s-0500-023-t12.cnf,TIMEOUT,60.481,60.580,35600,0
minisat,0876c518e5653369e20fb1ee0bb8db40-mp1-klieber2017s-0500-023-t12.cnf,TIMEOUT,59.998,60.112,36560,0
cadical,0876c518e5653369e20fb1ee0bb8db40-mp1-klieber2017s-0500-023-t12.cnf,SAT,41.943,42.026,41272,10
kissat,0876c518e5653369e20fb1ee0bb8db40-mp1-klieber2017s-0500-023-t12.cnf,SAT,8.801,8.820,25172,10
sat-solver,08d56c03e6561f6b9bec2e3f344ea3de-cliquecoloring_n26_k7_c6.cnf,TIMEOUT,60.008,60.086,65648,0
minisat,08d56c03e6561f6b9bec2e3f344ea3de-cliquecoloring_n26_k7_c6.cnf,TIMEOUT,59.998,60.101,94232,0
cadical,08d56c03e6561f6b9bec2e3f344ea3de-cliquecoloring_n26_k7_c6.cnf,TIMEOUT,59.998,60.196,101428,-1
kissat,08d56c03e6561f6b9bec2e3f344ea3de-cliquecoloring_n26_k7_c6.cnf,TIMEOUT,59.996,60.224,82120,-1
sat-solver,09befe1ffd4e02a988cadecd0a012261-GP_300_140_20.cnf,TIMEOUT,65.040,65.117,1284196,-1
minisat,09befe1ffd4e02a988cadecd0a012261-GP_300_140_20.cnf,TIMEOUT,60.042,60.173,1816172,0
cadical,09befe1ffd4e02a988cadecd0a012261-GP_300_140_20.cnf,SAT,2.733,2.738,2021284,10
kissat,09befe1ffd4e02a988cadecd0a012261-GP_300_140_20.cnf,SAT,1.573,1.577,1130160,10
sat-solver,09cd83e233380d0ba1fc56cee88367b1-s38417.cnf,UNSAT,13.986,14.002,56168,20
minisat,09cd83e233380d0ba1fc56cee88367b1-s38417.cnf,UNSAT,0.466,0.467,56168,20
cadical,09cd83e233380d0ba1fc56cee88367b1-s38417.cnf,UNSAT,0.374,0.376,56120,20
kissat,09cd83e233380d0ba1fc56cee88367b1-s38417.cnf,UNSAT,0.865,0.868,56168,20
sat-solver,0a4880c0e882e6a4a31943522573c394-b19_1.cnf,TIMEOUT,64.998,65.087,375548,-1
minisat,0a4880c0e882e6a4a31943522573c394-b19_1.cnf,TIMEOUT,60.002,60.140,223648,0
cadical,0a4880c0e882e6a4a31943522573c394-b19_1.cnf,TIMEOUT,60.006,60.275,355284,-1
kissat,0a4880c0e882e6a4a31943522573c394-b19_1.cnf,TIMEOUT,59.995,60.251,175036,-1
sat-solver,0a8a4c28d27228e954354ea0a6e7f16c-sum_of_three_cubes_42_known_representation.cnf,TIMEOUT,65.046,65.124,1450220,-1
minisat,0a8a4c28d27228e954354ea0a6e7f16c-sum_of_three_cubes_42_known_representation.cnf,TIMEOUT,60.019,60.167,698164,0
cadical,0a8a4c28d27228e954354ea0a6e7f16c-sum_of_three_cubes_42_known_representation.cnf,TIMEOUT,60.022,60.289,1532068,-1
kissat,0a8a4c28d27228e954354ea0a6e7f16c-sum_of_three_cubes_42_known_representation.cnf,TIMEOUT,60.001,60.235,589600,-1
sat-solver,0aa22564d00e9716519918d84b25c4a7-sudoku-N30-12.cnf,TIMEOUT,65.007,65.090,793848,-1
minisat,0aa22564d00e9716519918d84b25c4a7-sudoku-N30-12.cnf,TIMEOUT,60.015,60.165,429860,0
cadical,0aa22564d00e9716519918d84b25c4a7-sudoku-N30-12.cnf,UNSAT,53.868,54.006,807100,20
kissat,0aa22564d00e9716519918d84b25c4a7-sudoku-N30-12.cnf,TIMEOUT,60.004,60.282,392844,-1
sat-solver,0ae917c2e0c1d39cbe411c29b2f5ff08-dislog_a14_x14_n24.cnf,TIMEOUT,61.015,61.094,57800,0
minisat,0ae917c2e0c1d39cbe411c29b2f5ff08-dislog_a14_x14_n24.cnf,TIMEOUT,59.998,60.121,69000,0
cadical,0ae917c2e0c1d39cbe411c29b2f5ff08-dislog_a14_x14_n24.cnf,TIMEOUT,59.993,60.191,57800,-1
kissat,0ae917c2e0c1d39cbe411c29b2f5ff08-dislog_a14_x14_n24.cnf,TIMEOUT,59.998,60.191,57800,-1
